scenario,tx_key,cluster_id,timestep,n_valid,delay_mean,power_mean,delay_std,power_std
city_47_chicago_3p5,"(-0.24644100666046143, -0.048645198345184326, 10.0)",0,1,2197,0.3563355803489685,-0.838920533657074,0.01836146041750908,0.004489231389015913
city_47_chicago_3p5,"(-0.24644100666046143, -0.048645198345184326, 10.0)",0,2,1492,0.4690398871898651,-0.9266617894172668,0.2118990123271942,0.06015573814511299
city_47_chicago_3p5,"(-0.24644100666046143, -0.048645198345184326, 10.0)",0,3,930,0.7698213458061218,-1.0257289409637451,0.3350341320037842,0.0670277327299118
city_47_chicago_3p5,"(-0.24644100666046143, -0.048645198345184326, 10.0)",0,4,412,0.7450814843177795,-1.06527578830719,0.28367000818252563,0.05660124868154526
city_47_chicago_3p5,"(-0.24644100666046143, -0.048645198345184326, 10.0)",0,5,118,0.7953144907951355,-1.1138120889663696,0.29759934544563293,0.06771664321422577
city_47_chicago_3p5,"(-0.24644100666046143, -0.048645198345184326, 10.0)",0,6,23,0.991741955280304,-1.1620092391967773,0.24674445390701294,0.05251295864582062
city_47_chicago_3p5,"(-0.24644100666046143, -0.048645198345184326, 10.0)",0,7,0,0.991741955280304,-1.1620092391967773,0.0,0.0
city_47_chicago_3p5,"(-0.24644100666046143, -0.048645198345184326, 10.0)",0,8,0,0.991741955280304,-1.1620092391967773,0.0,0.0
city_47_chicago_3p5,"(-0.24644100666046143, -0.048645198345184326, 10.0)",0,9,0,0.991741955280304,-1.1620092391967773,0.0,0.0
city_47_chicago_3p5,"(-0.24644100666046143, -0.048645198345184326, 10.0)",0,10,0,0.991741955280304,-1.1620092391967773,0.0,0.0
city_47_chicago_3p5,"(-0.24644100666046143, -0.048645198345184326, 10.0)",0,11,0,0.991741955280304,-1.1620092391967773,0.0,0.0
city_47_chicago_3p5,"(-0.24644100666046143, -0.048645198345184326, 10.0)",0,12,0,0.991741955280304,-1.1620092391967773,0.0,0.0
city_47_chicago_3p5,"(-0.24644100666046143, -0.048645198345184326, 10.0)",0,13,0,0.991741955280304,-1.1620092391967773,0.0,0.0
city_47_chicago_3p5,"(-0.24644100666046143, -0.048645198345184326, 10.0)",0,14,0,0.991741955280304,-1.1620092391967773,0.0,0.0
city_47_chicago_3p5,"(-0.24644100666046143, -0.048645198345184326, 10.0)",0,15,0,0.991741955280304,-1.1620092391967773,0.0,0.0
city_47_chicago_3p5,"(-0.24644100666046143, -0.048645198345184326, 10.0)",0,16,0,0.991741955280304,-1.1620092391967773,0.0,0.0
city_47_chicago_3p5,"(-0.24644100666046143, -0.048645198345184326, 10.0)",0,17,0,0.991741955280304,-1.1620092391967773,0.0,0.0
city_47_chicago_3p5,"(-0.24644100666046143, -0.048645198345184326, 10.0)",0,18,0,0.991741955280304,-1.1620092391967773,0.0,0.0
city_47_chicago_3p5,"(-0.24644100666046143, -0.048645198345184326, 10.0)",0,19,0,0.991741955280304,-1.1620092391967773,0.0,0.0
city_47_chicago_3p5,"(-0.24644100666046143, -0.048645198345184326, 10.0)",0,20,0,0.991741955280304,-1.1620092391967773,0.0,0.0
city_47_chicago_3p5,"(-0.24644100666046143, -0.048645198345184326, 10.0)",0,21,0,0.991741955280304,-1.1620092391967773,0.0,0.0
city_47_chicago_3p5,"(-0.24644100666046143, -0.048645198345184326, 10.0)",0,22,0,0.991741955280304,-1.1620092391967773,0.0,0.0
city_47_chicago_3p5,"(-0.24644100666046143, -0.048645198345184326, 10.0)",0,23,0,0.991741955280304,-1.1620092391967773,0.0,0.0
city_47_chicago_3p5,"(-0.24644100666046143, -0.048645198345184326, 10.0)",0,24,0,0.991741955280304,-1.1620092391967773,0.0,0.0
city_47_chicago_3p5,"(-0.24644100666046143, -0.048645198345184326, 10.0)",0,25,0,0.991741955280304,-1.1620092391967773,0.0,0.0
city_47_chicago_3p5,"(-0.24644100666046143, -0.048645198345184326, 10.0)",1,1,227,1.1388682126998901,-1.2047466039657593,0.043718259781599045,0.058545809239149094
city_47_chicago_3p5,"(-0.24644100666046143, -0.048645198345184326, 10.0)",1,2,9,1.06502103805542,-1.1091887950897217,0.004838817752897739,0.022223560139536858
city_47_chicago_3p5,"(-0.24644100666046143, -0.048645198345184326, 10.0)",1,3,1,1.3005000352859497,-1.1940100193023682,0.0,0.0
city_47_chicago_3p5,"(-0.24644100666046143, -0.048645198345184326, 10.0)",1,4,1,1.300719976425171,-1.2066000699996948,0.0,0.0
city_47_chicago_3p5,"(-0.24644100666046143, -0.048645198345184326, 10.0)",1,5,1,1.3005900382995605,-1.27347993850708,0.0,0.0
city_47_chicago_3p5,"(-0.24644100666046143, -0.048645198345184326, 10.0)",1,6,0,1.3005900382995605,-1.27347993850708,0.0,0.0
city_47_chicago_3p5,"(-0.24644100666046143, -0.048645198345184326, 10.0)",1,7,0,1.3005900382995605,-1.27347993850708,0.0,0.0
city_47_chicago_3p5,"(-0.24644100666046143, -0.048645198345184326, 10.0)",1,8,0,1.3005900382995605,-1.27347993850708,0.0,0.0
city_47_chicago_3p5,"(-0.24644100666046143, -0.048645198345184326, 10.0)",1,9,0,1.3005900382995605,-1.27347993850708,0.0,0.0
city_47_chicago_3p5,"(-0.24644100666046143, -0.048645198345184326, 10.0)",1,10,0,1.3005900382995605,-1.27347993850708,0.0,0.0
city_47_chicago_3p5,"(-0.24644100666046143, -0.048645198345184326, 10.0)",1,11,0,1.3005900382995605,-1.27347993850708,0.0,0.0
city_47_chicago_3p5,"(-0.24644100666046143, -0.048645198345184326, 10.0)",1,12,0,1.3005900382995605,-1.27347993850708,0.0,0.0
city_47_chicago_3p5,"(-0.24644100666046143, -0.048645198345184326, 10.0)",1,13,0,1.3005900382995605,-1.27347993850708,0.0,0.0
city_47_chicago_3p5,"(-0.24644100666046143, -0.048645198345184326, 10.0)",1,14,0,1.3005900382995605,-1.27347993850708,0.0,0.0
city_47_chicago_3p5,"(-0.24644100666046143, -0.048645198345184326, 10.0)",1,15,0,1.3005900382995605,-1.27347993850708,0.0,0.0
city_47_chicago_3p5,"(-0.24644100666046143, -0.048645198345184326, 10.0)",1,16,0,1.3005900382995605,-1.27347993850708,0.0,0.0
city_47_chicago_3p5,"(-0.24644100666046143, -0.048645198345184326, 10.0)",1,17,0,1.3005900382995605,-1.27347993850708,0.0,0.0
city_47_chicago_3p5,"(-0.24644100666046143, -0.048645198345184326, 10.0)",1,18,0,1.3005900382995605,-1.27347993850708,0.0,0.0
city_47_chicago_3p5,"(-0.24644100666046143, -0.048645198345184326, 10.0)",1,19,0,1.3005900382995605,-1.27347993850708,0.0,0.0
city_47_chicago_3p5,"(-0.24644100666046143, -0.048645198345184326, 10.0)",1,20,0,1.3005900382995605,-1.27347993850708,0.0,0.0
city_47_chicago_3p5,"(-0.24644100666046143, -0.048645198345184326, 10.0)",1,21,0,1.3005900382995605,-1.27347993850708,0.0,0.0
city_47_chicago_3p5,"(-0.24644100666046143, -0.048645198345184326, 10.0)",1,22,0,1.3005900382995605,-1.27347993850708,0.0,0.0
city_47_chicago_3p5,"(-0.24644100666046143, -0.048645198345184326, 10.0)",1,23,0,1.3005900382995605,-1.27347993850708,0.0,0.0
city_47_chicago_3p5,"(-0.24644100666046143, -0.048645198345184326, 10.0)",1,24,0,1.3005900382995605,-1.27347993850708,0.0,0.0
city_47_chicago_3p5,"(-0.24644100666046143, -0.048645198345184326, 10.0)",1,25,0,1.3005900382995605,-1.27347993850708,0.0,0.0
city_47_chicago_3p5,"(-0.24644100666046143, -0.048645198345184326, 10.0)",2,1,2070,0.1617409884929657,-0.769926130771637,0.017226241528987885,0.009322131983935833
city_47_chicago_3p5,"(-0.24644100666046143, -0.048645198345184326, 10.0)",2,2,1501,0.2538711726665497,-0.8858329653739929,0.21615532040596008,0.07657960057258606
city_47_chicago_3p5,"(-0.24644100666046143, -0.048645198345184326, 10.0)",2,3,1031,0.3137019872665405,-0.9789963364601135,0.16844512522220612,0.06075010821223259
city_47_chicago_3p5,"(-0.24644100666046143, -0.048645198345184326, 10.0)",2,4,754,0.3628556728363037,-1.0357497930526733,0.15700466930866241,0.06111832335591316
city_47_chicago_3p5,"(-0.24644100666046143, -0.048645198345184326, 10.0)",2,5,593,0.3979421854019165,-1.0952165126800537,0.16508351266384125,0.06888999044895172
city_47_chicago_3p5,"(-0.24644100666046143, -0.048645198345184326, 10.0)",2,6,329,0.46110600233078003,-1.1293072700500488,0.13488619029521942,0.06205379217863083
city_47_chicago_3p5,"(-0.24644100666046143, -0.048645198345184326, 10.0)",2,7,166,0.5098940134048462,-1.164795994758606,0.11556810885667801,0.0495360866189003
city_47_chicago_3p5,"(-0.24644100666046143, -0.048645198345184326, 10.0)",2,8,38,0.5080140829086304,-1.1703684329986572,0.08188807219266891,0.0336286760866642
city_47_chicago_3p5,"(-0.24644100666046143, -0.048645198345184326, 10.0)",2,9,9,0.5910241603851318,-1.2024633884429932,0.0009922876488417387,0.0007621402037329972
city_47_chicago_3p5,"(-0.24644100666046143, -0.048645198345184326, 10.0)",2,10,0,0.5910241603851318,-1.2024633884429932,0.0,0.0
city_47_chicago_3p5,"(-0.24644100666046143, -0.048645198345184326, 10.0)",2,11,0,0.5910241603851318,-1.2024633884429932,0.0,0.0
city_47_chicago_3p5,"(-0.24644100666046143, -0.048645198345184326, 10.0)",2,12,0,0.5910241603851318,-1.2024633884429932,0.0,0.0
city_47_chicago_3p5,"(-0.24644100666046143, -0.048645198345184326, 10.0)",2,13,0,0.5910241603851318,-1.2024633884429932,0.0,0.0
city_47_chicago_3p5,"(-0.24644100666046143, -0.048645198345184326, 10.0)",2,14,0,0.5910241603851318,-1.2024633884429932,0.0,0.0
city_47_chicago_3p5,"(-0.24644100666046143, -0.048645198345184326, 10.0)",2,15,0,0.5910241603851318,-1.2024633884429932,0.0,0.0
city_47_chicago_3p5,"(-0.24644100666046143, -0.048645198345184326, 10.0)",2,16,0,0.5910241603851318,-1.2024633884429932,0.0,0.0
city_47_chicago_3p5,"(-0.24644100666046143, -0.048645198345184326, 10.0)",2,17,0,0.5910241603851318,-1.2024633884429932,0.0,0.0
city_47_chicago_3p5,"(-0.24644100666046143, -0.048645198345184326, 10.0)",2,18,0,0.5910241603851318,-1.2024633884429932,0.0,0.0
city_47_chicago_3p5,"(-0.24644100666046143, -0.048645198345184326, 10.0)",2,19,0,0.5910241603851318,-1.2024633884429932,0.0,0.0
city_47_chicago_3p5,"(-0.24644100666046143, -0.048645198345184326, 10.0)",2,20,0,0.5910241603851318,-1.2024633884429932,0.0,0.0
city_47_chicago_3p5,"(-0.24644100666046143, -0.048645198345184326, 10.0)",2,21,0,0.5910241603851318,-1.2024633884429932,0.0,0.0
city_47_chicago_3p5,"(-0.24644100666046143, -0.048645198345184326, 10.0)",2,22,0,0.5910241603851318,-1.2024633884429932,0.0,0.0
city_47_chicago_3p5,"(-0.24644100666046143, -0.048645198345184326, 10.0)",2,23,0,0.5910241603851318,-1.2024633884429932,0.0,0.0
city_47_chicago_3p5,"(-0.24644100666046143, -0.048645198345184326, 10.0)",2,24,0,0.5910241603851318,-1.2024633884429932,0.0,0.0
city_47_chicago_3p5,"(-0.24644100666046143, -0.048645198345184326, 10.0)",2,25,0,0.5910241603851318,-1.2024633884429932,0.0,0.0
city_47_chicago_3p5,"(-0.24644100666046143, -0.048645198345184326, 10.0)",3,1,1769,0.5339942574501038,-0.8875566124916077,0.021430691704154015,0.022209282964468002
city_47_chicago_3p5,"(-0.24644100666046143, -0.048645198345184326, 10.0)",3,2,899,0.5619300007820129,-0.9473732113838196,0.057930998504161835,0.04636048153042793
city_47_chicago_3p5,"(-0.24644100666046143, -0.048645198345184326, 10.0)",3,3,143,0.5935490727424622,-0.9788106679916382,0.0901251882314682,0.06872224807739258
city_47_chicago_3p5,"(-0.24644100666046143, -0.048645198345184326, 10.0)",3,4,12,0.5559013485908508,-0.9796245694160461,0.028957758098840714,0.033496975898742676
city_47_chicago_3p5,"(-0.24644100666046143, -0.048645198345184326, 10.0)",3,5,1,0.6398119926452637,-1.0887399911880493,0.0,0.0
city_47_chicago_3p5,"(-0.24644100666046143, -0.048645198345184326, 10.0)",3,6,0,0.6398119926452637,-1.0887399911880493,0.0,0.0
city_47_chicago_3p5,"(-0.24644100666046143, -0.048645198345184326, 10.0)",3,7,0,0.6398119926452637,-1.0887399911880493,0.0,0.0
city_47_chicago_3p5,"(-0.24644100666046143, -0.048645198345184326, 10.0)",3,8,0,0.6398119926452637,-1.0887399911880493,0.0,0.0
city_47_chicago_3p5,"(-0.24644100666046143, -0.048645198345184326, 10.0)",3,9,0,0.6398119926452637,-1.0887399911880493,0.0,0.0
city_47_chicago_3p5,"(-0.24644100666046143, -0.048645198345184326, 10.0)",3,10,0,0.6398119926452637,-1.0887399911880493,0.0,0.0
city_47_chicago_3p5,"(-0.24644100666046143, -0.048645198345184326, 10.0)",3,11,0,0.6398119926452637,-1.0887399911880493,0.0,0.0
city_47_chicago_3p5,"(-0.24644100666046143, -0.048645198345184326, 10.0)",3,12,0,0.6398119926452637,-1.0887399911880493,0.0,0.0
city_47_chicago_3p5,"(-0.24644100666046143, -0.048645198345184326, 10.0)",3,13,0,0.6398119926452637,-1.0887399911880493,0.0,0.0
city_47_chicago_3p5,"(-0.24644100666046143, -0.048645198345184326, 10.0)",3,14,0,0.6398119926452637,-1.0887399911880493,0.0,0.0
city_47_chicago_3p5,"(-0.24644100666046143, -0.048645198345184326, 10.0)",3,15,0,0.6398119926452637,-1.0887399911880493,0.0,0.0
city_47_chicago_3p5,"(-0.24644100666046143, -0.048645198345184326, 10.0)",3,16,0,0.6398119926452637,-1.0887399911880493,0.0,0.0
city_47_chicago_3p5,"(-0.24644100666046143, -0.048645198345184326, 10.0)",3,17,0,0.6398119926452637,-1.0887399911880493,0.0,0.0
city_47_chicago_3p5,"(-0.24644100666046143, -0.048645198345184326, 10.0)",3,18,0,0.6398119926452637,-1.0887399911880493,0.0,0.0
city_47_chicago_3p5,"(-0.24644100666046143, -0.048645198345184326, 10.0)",3,19,0,0.6398119926452637,-1.0887399911880493,0.0,0.0
city_47_chicago_3p5,"(-0.24644100666046143, -0.048645198345184326, 10.0)",3,20,0,0.6398119926452637,-1.0887399911880493,0.0,0.0
city_47_chicago_3p5,"(-0.24644100666046143, -0.048645198345184326, 10.0)",3,21,0,0.6398119926452637,-1.0887399911880493,0.0,0.0
city_47_chicago_3p5,"(-0.24644100666046143, -0.048645198345184326, 10.0)",3,22,0,0.6398119926452637,-1.0887399911880493,0.0,0.0
city_47_chicago_3p5,"(-0.24644100666046143, -0.048645198345184326, 10.0)",3,23,0,0.6398119926452637,-1.0887399911880493,0.0,0.0
city_47_chicago_3p5,"(-0.24644100666046143, -0.048645198345184326, 10.0)",3,24,0,0.6398119926452637,-1.0887399911880493,0.0,0.0
city_47_chicago_3p5,"(-0.24644100666046143, -0.048645198345184326, 10.0)",3,25,0,0.6398119926452637,-1.0887399911880493,0.0,0.0
city_47_chicago_3p5,"(-0.24644100666046143, -0.048645198345184326, 10.0)",4,1,176,1.6667485237121582,-1.2941749095916748,0.03901781141757965,0.002038853708654642
city_47_chicago_3p5,"(-0.24644100666046143, -0.048645198345184326, 10.0)",4,2,0,1.6667485237121582,-1.2941749095916748,0.0,0.0
city_47_chicago_3p5,"(-0.24644100666046143, -0.048645198345184326, 10.0)",4,3,0,1.6667485237121582,-1.2941749095916748,0.0,0.0
city_47_chicago_3p5,"(-0.24644100666046143, -0.048645198345184326, 10.0)",4,4,0,1.6667485237121582,-1.2941749095916748,0.0,0.0
city_47_chicago_3p5,"(-0.24644100666046143, -0.048645198345184326, 10.0)",4,5,0,1.6667485237121582,-1.2941749095916748,0.0,0.0
city_47_chicago_3p5,"(-0.24644100666046143, -0.048645198345184326, 10.0)",4,6,0,1.6667485237121582,-1.2941749095916748,0.0,0.0
city_47_chicago_3p5,"(-0.24644100666046143, -0.048645198345184326, 10.0)",4,7,0,1.6667485237121582,-1.2941749095916748,0.0,0.0
city_47_chicago_3p5,"(-0.24644100666046143, -0.048645198345184326, 10.0)",4,8,0,1.6667485237121582,-1.2941749095916748,0.0,0.0
city_47_chicago_3p5,"(-0.24644100666046143, -0.048645198345184326, 10.0)",4,9,0,1.6667485237121582,-1.2941749095916748,0.0,0.0
city_47_chicago_3p5,"(-0.24644100666046143, -0.048645198345184326, 10.0)",4,10,0,1.6667485237121582,-1.2941749095916748,0.0,0.0
city_47_chicago_3p5,"(-0.24644100666046143, -0.048645198345184326, 10.0)",4,11,0,1.6667485237121582,-1.2941749095916748,0.0,0.0
city_47_chicago_3p5,"(-0.24644100666046143, -0.048645198345184326, 10.0)",4,12,0,1.6667485237121582,-1.2941749095916748,0.0,0.0
city_47_chicago_3p5,"(-0.24644100666046143, -0.048645198345184326, 10.0)",4,13,0,1.6667485237121582,-1.2941749095916748,0.0,0.0
city_47_chicago_3p5,"(-0.24644100666046143, -0.048645198345184326, 10.0)",4,14,0,1.6667485237121582,-1.2941749095916748,0.0,0.0
city_47_chicago_3p5,"(-0.24644100666046143, -0.048645198345184326, 10.0)",4,15,0,1.6667485237121582,-1.2941749095916748,0.0,0.0
city_47_chicago_3p5,"(-0.24644100666046143, -0.048645198345184326, 10.0)",4,16,0,1.6667485237121582,-1.2941749095916748,0.0,0.0
city_47_chicago_3p5,"(-0.24644100666046143, -0.048645198345184326, 10.0)",4,17,0,1.6667485237121582,-1.2941749095916748,0.0,0.0
city_47_chicago_3p5,"(-0.24644100666046143, -0.048645198345184326, 10.0)",4,18,0,1.6667485237121582,-1.2941749095916748,0.0,0.0
city_47_chicago_3p5,"(-0.24644100666046143, -0.048645198345184326, 10.0)",4,19,0,1.6667485237121582,-1.2941749095916748,0.0,0.0
city_47_chicago_3p5,"(-0.24644100666046143, -0.048645198345184326, 10.0)",4,20,0,1.6667485237121582,-1.2941749095916748,0.0,0.0
city_47_chicago_3p5,"(-0.24644100666046143, -0.048645198345184326, 10.0)",4,21,0,1.6667485237121582,-1.2941749095916748,0.0,0.0
city_47_chicago_3p5,"(-0.24644100666046143, -0.048645198345184326, 10.0)",4,22,0,1.6667485237121582,-1.2941749095916748,0.0,0.0
city_47_chicago_3p5,"(-0.24644100666046143, -0.048645198345184326, 10.0)",4,23,0,1.6667485237121582,-1.2941749095916748,0.0,0.0
city_47_chicago_3p5,"(-0.24644100666046143, -0.048645198345184326, 10.0)",4,24,0,1.6667485237121582,-1.2941749095916748,0.0,0.0
city_47_chicago_3p5,"(-0.24644100666046143, -0.048645198345184326, 10.0)",4,25,0,1.6667485237121582,-1.2941749095916748,0.0,0.0
city_47_chicago_3p5,"(-0.24644100666046143, -0.048645198345184326, 10.0)",5,1,338,0.8048222064971924,-1.151989221572876,0.039023950695991516,0.0096661988645792
city_47_chicago_3p5,"(-0.24644100666046143, -0.048645198345184326, 10.0)",5,2,2,0.6717579960823059,-1.1381049156188965,0.0009649991989135742,5.501511986949481e-05
city_47_chicago_3p5,"(-0.24644100666046143, -0.048645198345184326, 10.0)",5,3,0,0.6717579960823059,-1.1381049156188965,0.0,0.0
city_47_chicago_3p5,"(-0.24644100666046143, -0.048645198345184326, 10.0)",5,4,0,0.6717579960823059,-1.1381049156188965,0.0,0.0
city_47_chicago_3p5,"(-0.24644100666046143, -0.048645198345184326, 10.0)",5,5,0,0.6717579960823059,-1.1381049156188965,0.0,0.0
city_47_chicago_3p5,"(-0.24644100666046143, -0.048645198345184326, 10.0)",5,6,0,0.6717579960823059,-1.1381049156188965,0.0,0.0
city_47_chicago_3p5,"(-0.24644100666046143, -0.048645198345184326, 10.0)",5,7,0,0.6717579960823059,-1.1381049156188965,0.0,0.0
city_47_chicago_3p5,"(-0.24644100666046143, -0.048645198345184326, 10.0)",5,8,0,0.6717579960823059,-1.1381049156188965,0.0,0.0
city_47_chicago_3p5,"(-0.24644100666046143, -0.048645198345184326, 10.0)",5,9,0,0.6717579960823059,-1.1381049156188965,0.0,0.0
city_47_chicago_3p5,"(-0.24644100666046143, -0.048645198345184326, 10.0)",5,10,0,0.6717579960823059,-1.1381049156188965,0.0,0.0
city_47_chicago_3p5,"(-0.24644100666046143, -0.048645198345184326, 10.0)",5,11,0,0.6717579960823059,-1.1381049156188965,0.0,0.0
city_47_chicago_3p5,"(-0.24644100666046143, -0.048645198345184326, 10.0)",5,12,0,0.6717579960823059,-1.1381049156188965,0.0,0.0
city_47_chicago_3p5,"(-0.24644100666046143, -0.048645198345184326, 10.0)",5,13,0,0.6717579960823059,-1.1381049156188965,0.0,0.0
city_47_chicago_3p5,"(-0.24644100666046143, -0.048645198345184326, 10.0)",5,14,0,0.6717579960823059,-1.1381049156188965,0.0,0.0
city_47_chicago_3p5,"(-0.24644100666046143, -0.048645198345184326, 10.0)",5,15,0,0.6717579960823059,-1.1381049156188965,0.0,0.0
city_47_chicago_3p5,"(-0.24644100666046143, -0.048645198345184326, 10.0)",5,16,0,0.6717579960823059,-1.1381049156188965,0.0,0.0
city_47_chicago_3p5,"(-0.24644100666046143, -0.048645198345184326, 10.0)",5,17,0,0.6717579960823059,-1.1381049156188965,0.0,0.0
city_47_chicago_3p5,"(-0.24644100666046143, -0.048645198345184326, 10.0)",5,18,0,0.6717579960823059,-1.1381049156188965,0.0,0.0
city_47_chicago_3p5,"(-0.24644100666046143, -0.048645198345184326, 10.0)",5,19,0,0.6717579960823059,-1.1381049156188965,0.0,0.0
city_47_chicago_3p5,"(-0.24644100666046143, -0.048645198345184326, 10.0)",5,20,0,0.6717579960823059,-1.1381049156188965,0.0,0.0
city_47_chicago_3p5,"(-0.24644100666046143, -0.048645198345184326, 10.0)",5,21,0,0.6717579960823059,-1.1381049156188965,0.0,0.0
city_47_chicago_3p5,"(-0.24644100666046143, -0.048645198345184326, 10.0)",5,22,0,0.6717579960823059,-1.1381049156188965,0.0,0.0
city_47_chicago_3p5,"(-0.24644100666046143, -0.048645198345184326, 10.0)",5,23,0,0.6717579960823059,-1.1381049156188965,0.0,0.0
city_47_chicago_3p5,"(-0.24644100666046143, -0.048645198345184326, 10.0)",5,24,0,0.6717579960823059,-1.1381049156188965,0.0,0.0
city_47_chicago_3p5,"(-0.24644100666046143, -0.048645198345184326, 10.0)",5,25,0,0.6717579960823059,-1.1381049156188965,0.0,0.0
city_47_chicago_3p5,"(-0.24644100666046143, -0.048645198345184326, 10.0)",6,1,1558,0.1055196076631546,-0.7322820425033569,0.016086477786302567,0.013579599559307098
city_47_chicago_3p5,"(-0.24644100666046143, -0.048645198345184326, 10.0)",6,2,1161,0.2342788428068161,-0.8638445734977722,0.25208890438079834,0.06717588752508163
city_47_chicago_3p5,"(-0.24644100666046143, -0.048645198345184326, 10.0)",6,3,911,0.3329241871833801,-0.9625681042671204,0.23433896899223328,0.0568062998354435
city_47_chicago_3p5,"(-0.24644100666046143, -0.048645198345184326, 10.0)",6,4,627,0.3658575117588043,-1.0217269659042358,0.17333701252937317,0.07080922275781631
city_47_chicago_3p5,"(-0.24644100666046143, -0.048645198345184326, 10.0)",6,5,419,0.46928900480270386,-1.1114991903305054,0.12204282730817795,0.07654722034931183
city_47_chicago_3p5,"(-0.24644100666046143, -0.048645198345184326, 10.0)",6,6,148,0.516924262046814,-1.1758699417114258,0.09816152602434158,0.047099508345127106
city_47_chicago_3p5,"(-0.24644100666046143, -0.048645198345184326, 10.0)",6,7,34,0.5362890362739563,-1.19358491897583,0.04457176476716995,0.013457031920552254
city_47_chicago_3p5,"(-0.24644100666046143, -0.048645198345184326, 10.0)",6,8,7,0.5453855395317078,-1.1968413591384888,0.0011859288206323981,0.0003380696289241314
city_47_chicago_3p5,"(-0.24644100666046143, -0.048645198345184326, 10.0)",6,9,0,0.5453855395317078,-1.1968413591384888,0.0,0.0
city_47_chicago_3p5,"(-0.24644100666046143, -0.048645198345184326, 10.0)",6,10,0,0.5453855395317078,-1.1968413591384888,0.0,0.0
city_47_chicago_3p5,"(-0.24644100666046143, -0.048645198345184326, 10.0)",6,11,0,0.5453855395317078,-1.1968413591384888,0.0,0.0
city_47_chicago_3p5,"(-0.24644100666046143, -0.048645198345184326, 10.0)",6,12,0,0.5453855395317078,-1.1968413591384888,0.0,0.0
city_47_chicago_3p5,"(-0.24644100666046143, -0.048645198345184326, 10.0)",6,13,0,0.5453855395317078,-1.1968413591384888,0.0,0.0
city_47_chicago_3p5,"(-0.24644100666046143, -0.048645198345184326, 10.0)",6,14,0,0.5453855395317078,-1.1968413591384888,0.0,0.0
city_47_chicago_3p5,"(-0.24644100666046143, -0.048645198345184326, 10.0)",6,15,0,0.5453855395317078,-1.1968413591384888,0.0,0.0
city_47_chicago_3p5,"(-0.24644100666046143, -0.048645198345184326, 10.0)",6,16,0,0.5453855395317078,-1.1968413591384888,0.0,0.0
city_47_chicago_3p5,"(-0.24644100666046143, -0.048645198345184326, 10.0)",6,17,0,0.5453855395317078,-1.1968413591384888,0.0,0.0
city_47_chicago_3p5,"(-0.24644100666046143, -0.048645198345184326, 10.0)",6,18,0,0.5453855395317078,-1.1968413591384888,0.0,0.0
city_47_chicago_3p5,"(-0.24644100666046143, -0.048645198345184326, 10.0)",6,19,0,0.5453855395317078,-1.1968413591384888,0.0,0.0
city_47_chicago_3p5,"(-0.24644100666046143, -0.048645198345184326, 10.0)",6,20,0,0.5453855395317078,-1.1968413591384888,0.0,0.0
city_47_chicago_3p5,"(-0.24644100666046143, -0.048645198345184326, 10.0)",6,21,0,0.5453855395317078,-1.1968413591384888,0.0,0.0
city_47_chicago_3p5,"(-0.24644100666046143, -0.048645198345184326, 10.0)",6,22,0,0.5453855395317078,-1.1968413591384888,0.0,0.0
city_47_chicago_3p5,"(-0.24644100666046143, -0.048645198345184326, 10.0)",6,23,0,0.5453855395317078,-1.1968413591384888,0.0,0.0
city_47_chicago_3p5,"(-0.24644100666046143, -0.048645198345184326, 10.0)",6,24,0,0.5453855395317078,-1.1968413591384888,0.0,0.0
city_47_chicago_3p5,"(-0.24644100666046143, -0.048645198345184326, 10.0)",6,25,0,0.5453855395317078,-1.1968413591384888,0.0,0.0
city_47_chicago_3p5,"(-0.24644100666046143, -0.048645198345184326, 10.0)",7,1,2089,0.29026249051094055,-0.8210240602493286,0.019482947885990143,0.005852857138961554
city_47_chicago_3p5,"(-0.24644100666046143, -0.048645198345184326, 10.0)",7,2,1426,0.4394638240337372,-0.9312082529067993,0.2712196707725525,0.06707903742790222
city_47_chicago_3p5,"(-0.24644100666046143, -0.048645198345184326, 10.0)",7,3,610,0.5649749040603638,-1.0062675476074219,0.31179749965667725,0.09408390522003174
city_47_chicago_3p5,"(-0.24644100666046143, -0.048645198345184326, 10.0)",7,4,267,0.4717988073825836,-1.021457314491272,0.11152984946966171,0.07529252767562866
city_47_chicago_3p5,"(-0.24644100666046143, -0.048645198345184326, 10.0)",7,5,141,0.5545811653137207,-1.1116795539855957,0.09773043543100357,0.07232951372861862
city_47_chicago_3p5,"(-0.24644100666046143, -0.048645198345184326, 10.0)",7,6,36,0.635718584060669,-1.186285376548767,0.03723958879709244,0.016305088996887207
city_47_chicago_3p5,"(-0.24644100666046143, -0.048645198345184326, 10.0)",7,7,2,0.6306749582290649,-1.196660041809082,0.002142012119293213,0.00012999774480704218
city_47_chicago_3p5,"(-0.24644100666046143, -0.048645198345184326, 10.0)",7,8,0,0.6306749582290649,-1.196660041809082,0.0,0.0
city_47_chicago_3p5,"(-0.24644100666046143, -0.048645198345184326, 10.0)",7,9,0,0.6306749582290649,-1.196660041809082,0.0,0.0
city_47_chicago_3p5,"(-0.24644100666046143, -0.048645198345184326, 10.0)",7,10,0,0.6306749582290649,-1.196660041809082,0.0,0.0
city_47_chicago_3p5,"(-0.24644100666046143, -0.048645198345184326, 10.0)",7,11,0,0.6306749582290649,-1.196660041809082,0.0,0.0
city_47_chicago_3p5,"(-0.24644100666046143, -0.048645198345184326, 10.0)",7,12,0,0.6306749582290649,-1.196660041809082,0.0,0.0
city_47_chicago_3p5,"(-0.24644100666046143, -0.048645198345184326, 10.0)",7,13,0,0.6306749582290649,-1.196660041809082,0.0,0.0
city_47_chicago_3p5,"(-0.24644100666046143, -0.048645198345184326, 10.0)",7,14,0,0.6306749582290649,-1.196660041809082,0.0,0.0
city_47_chicago_3p5,"(-0.24644100666046143, -0.048645198345184326, 10.0)",7,15,0,0.6306749582290649,-1.196660041809082,0.0,0.0
city_47_chicago_3p5,"(-0.24644100666046143, -0.048645198345184326, 10.0)",7,16,0,0.6306749582290649,-1.196660041809082,0.0,0.0
city_47_chicago_3p5,"(-0.24644100666046143, -0.048645198345184326, 10.0)",7,17,0,0.6306749582290649,-1.196660041809082,0.0,0.0
city_47_chicago_3p5,"(-0.24644100666046143, -0.048645198345184326, 10.0)",7,18,0,0.6306749582290649,-1.196660041809082,0.0,0.0
city_47_chicago_3p5,"(-0.24644100666046143, -0.048645198345184326, 10.0)",7,19,0,0.6306749582290649,-1.196660041809082,0.0,0.0
city_47_chicago_3p5,"(-0.24644100666046143, -0.048645198345184326, 10.0)",7,20,0,0.6306749582290649,-1.196660041809082,0.0,0.0
city_47_chicago_3p5,"(-0.24644100666046143, -0.048645198345184326, 10.0)",7,21,0,0.6306749582290649,-1.196660041809082,0.0,0.0
city_47_chicago_3p5,"(-0.24644100666046143, -0.048645198345184326, 10.0)",7,22,0,0.6306749582290649,-1.196660041809082,0.0,0.0
city_47_chicago_3p5,"(-0.24644100666046143, -0.048645198345184326, 10.0)",7,23,0,0.6306749582290649,-1.196660041809082,0.0,0.0
city_47_chicago_3p5,"(-0.24644100666046143, -0.048645198345184326, 10.0)",7,24,0,0.6306749582290649,-1.196660041809082,0.0,0.0
city_47_chicago_3p5,"(-0.24644100666046143, -0.048645198345184326, 10.0)",7,25,0,0.6306749582290649,-1.196660041809082,0.0,0.0
city_47_chicago_3p5,"(-0.24644100666046143, -0.048645198345184326, 10.0)",8,1,2330,0.46809306740760803,-0.8880757689476013,0.019082017242908478,0.024760723114013672
city_47_chicago_3p5,"(-0.24644100666046143, -0.048645198345184326, 10.0)",8,2,1183,0.5518292188644409,-0.9582555890083313,0.12183874845504761,0.05591752380132675
city_47_chicago_3p5,"(-0.24644100666046143, -0.048645198345184326, 10.0)",8,3,369,0.5978479981422424,-1.001807689666748,0.06802716851234436,0.04879976063966751
city_47_chicago_3p5,"(-0.24644100666046143, -0.048645198345184326, 10.0)",8,4,80,0.6277614831924438,-1.037933588027954,0.03574042022228241,0.03761037811636925
city_47_chicago_3p5,"(-0.24644100666046143, -0.048645198345184326, 10.0)",8,5,12,0.6562902927398682,-1.0919232368469238,0.005113116465508938,0.0013241993729025126
city_47_chicago_3p5,"(-0.24644100666046143, -0.048645198345184326, 10.0)",8,6,0,0.6562902927398682,-1.0919232368469238,0.0,0.0
city_47_chicago_3p5,"(-0.24644100666046143, -0.048645198345184326, 10.0)",8,7,0,0.6562902927398682,-1.0919232368469238,0.0,0.0
city_47_chicago_3p5,"(-0.24644100666046143, -0.048645198345184326, 10.0)",8,8,0,0.6562902927398682,-1.0919232368469238,0.0,0.0
city_47_chicago_3p5,"(-0.24644100666046143, -0.048645198345184326, 10.0)",8,9,0,0.6562902927398682,-1.0919232368469238,0.0,0.0
city_47_chicago_3p5,"(-0.24644100666046143, -0.048645198345184326, 10.0)",8,10,0,0.6562902927398682,-1.0919232368469238,0.0,0.0
city_47_chicago_3p5,"(-0.24644100666046143, -0.048645198345184326, 10.0)",8,11,0,0.6562902927398682,-1.0919232368469238,0.0,0.0
city_47_chicago_3p5,"(-0.24644100666046143, -0.048645198345184326, 10.0)",8,12,0,0.6562902927398682,-1.0919232368469238,0.0,0.0
city_47_chicago_3p5,"(-0.24644100666046143, -0.048645198345184326, 10.0)",8,13,0,0.6562902927398682,-1.0919232368469238,0.0,0.0
city_47_chicago_3p5,"(-0.24644100666046143, -0.048645198345184326, 10.0)",8,14,0,0.6562902927398682,-1.0919232368469238,0.0,0.0
city_47_chicago_3p5,"(-0.24644100666046143, -0.048645198345184326, 10.0)",8,15,0,0.6562902927398682,-1.0919232368469238,0.0,0.0
city_47_chicago_3p5,"(-0.24644100666046143, -0.048645198345184326, 10.0)",8,16,0,0.6562902927398682,-1.0919232368469238,0.0,0.0
city_47_chicago_3p5,"(-0.24644100666046143, -0.048645198345184326, 10.0)",8,17,0,0.6562902927398682,-1.0919232368469238,0.0,0.0
city_47_chicago_3p5,"(-0.24644100666046143, -0.048645198345184326, 10.0)",8,18,0,0.6562902927398682,-1.0919232368469238,0.0,0.0
city_47_chicago_3p5,"(-0.24644100666046143, -0.048645198345184326, 10.0)",8,19,0,0.6562902927398682,-1.0919232368469238,0.0,0.0
city_47_chicago_3p5,"(-0.24644100666046143, -0.048645198345184326, 10.0)",8,20,0,0.6562902927398682,-1.0919232368469238,0.0,0.0
city_47_chicago_3p5,"(-0.24644100666046143, -0.048645198345184326, 10.0)",8,21,0,0.6562902927398682,-1.0919232368469238,0.0,0.0
city_47_chicago_3p5,"(-0.24644100666046143, -0.048645198345184326, 10.0)",8,22,0,0.6562902927398682,-1.0919232368469238,0.0,0.0
city_47_chicago_3p5,"(-0.24644100666046143, -0.048645198345184326, 10.0)",8,23,0,0.6562902927398682,-1.0919232368469238,0.0,0.0
city_47_chicago_3p5,"(-0.24644100666046143, -0.048645198345184326, 10.0)",8,24,0,0.6562902927398682,-1.0919232368469238,0.0,0.0
city_47_chicago_3p5,"(-0.24644100666046143, -0.048645198345184326, 10.0)",8,25,0,0.6562902927398682,-1.0919232368469238,0.0,0.0
city_47_chicago_3p5,"(-0.24644100666046143, -0.048645198345184326, 10.0)",9,1,333,0.5351434946060181,-1.0844756364822388,0.03887247294187546,0.02913566306233406
city_47_chicago_3p5,"(-0.24644100666046143, -0.048645198345184326, 10.0)",9,2,174,0.573479175567627,-1.1899760961532593,0.03858179226517677,0.030340982601046562
city_47_chicago_3p5,"(-0.24644100666046143, -0.048645198345184326, 10.0)",9,3,11,0.6591601967811584,-1.1229655742645264,0.020304333418607712,0.03978680819272995
city_47_chicago_3p5,"(-0.24644100666046143, -0.048645198345184326, 10.0)",9,4,0,0.6591601967811584,-1.1229655742645264,0.0,0.0
city_47_chicago_3p5,"(-0.24644100666046143, -0.048645198345184326, 10.0)",9,5,0,0.6591601967811584,-1.1229655742645264,0.0,0.0
city_47_chicago_3p5,"(-0.24644100666046143, -0.048645198345184326, 10.0)",9,6,0,0.6591601967811584,-1.1229655742645264,0.0,0.0
city_47_chicago_3p5,"(-0.24644100666046143, -0.048645198345184326, 10.0)",9,7,0,0.6591601967811584,-1.1229655742645264,0.0,0.0
city_47_chicago_3p5,"(-0.24644100666046143, -0.048645198345184326, 10.0)",9,8,0,0.6591601967811584,-1.1229655742645264,0.0,0.0
city_47_chicago_3p5,"(-0.24644100666046143, -0.048645198345184326, 10.0)",9,9,0,0.6591601967811584,-1.1229655742645264,0.0,0.0
city_47_chicago_3p5,"(-0.24644100666046143, -0.048645198345184326, 10.0)",9,10,0,0.6591601967811584,-1.1229655742645264,0.0,0.0
city_47_chicago_3p5,"(-0.24644100666046143, -0.048645198345184326, 10.0)",9,11,0,0.6591601967811584,-1.1229655742645264,0.0,0.0
city_47_chicago_3p5,"(-0.24644100666046143, -0.048645198345184326, 10.0)",9,12,0,0.6591601967811584,-1.1229655742645264,0.0,0.0
city_47_chicago_3p5,"(-0.24644100666046143, -0.048645198345184326, 10.0)",9,13,0,0.6591601967811584,-1.1229655742645264,0.0,0.0
city_47_chicago_3p5,"(-0.24644100666046143, -0.048645198345184326, 10.0)",9,14,0,0.6591601967811584,-1.1229655742645264,0.0,0.0
city_47_chicago_3p5,"(-0.24644100666046143, -0.048645198345184326, 10.0)",9,15,0,0.6591601967811584,-1.1229655742645264,0.0,0.0
city_47_chicago_3p5,"(-0.24644100666046143, -0.048645198345184326, 10.0)",9,16,0,0.6591601967811584,-1.1229655742645264,0.0,0.0
city_47_chicago_3p5,"(-0.24644100666046143, -0.048645198345184326, 10.0)",9,17,0,0.6591601967811584,-1.1229655742645264,0.0,0.0
city_47_chicago_3p5,"(-0.24644100666046143, -0.048645198345184326, 10.0)",9,18,0,0.6591601967811584,-1.1229655742645264,0.0,0.0
city_47_chicago_3p5,"(-0.24644100666046143, -0.048645198345184326, 10.0)",9,19,0,0.6591601967811584,-1.1229655742645264,0.0,0.0
city_47_chicago_3p5,"(-0.24644100666046143, -0.048645198345184326, 10.0)",9,20,0,0.6591601967811584,-1.1229655742645264,0.0,0.0
city_47_chicago_3p5,"(-0.24644100666046143, -0.048645198345184326, 10.0)",9,21,0,0.6591601967811584,-1.1229655742645264,0.0,0.0
city_47_chicago_3p5,"(-0.24644100666046143, -0.048645198345184326, 10.0)",9,22,0,0.6591601967811584,-1.1229655742645264,0.0,0.0
city_47_chicago_3p5,"(-0.24644100666046143, -0.048645198345184326, 10.0)",9,23,0,0.6591601967811584,-1.1229655742645264,0.0,0.0
city_47_chicago_3p5,"(-0.24644100666046143, -0.048645198345184326, 10.0)",9,24,0,0.6591601967811584,-1.1229655742645264,0.0,0.0
city_47_chicago_3p5,"(-0.24644100666046143, -0.048645198345184326, 10.0)",9,25,0,0.6591601967811584,-1.1229655742645264,0.0,0.0
city_47_chicago_3p5,"(-0.24644100666046143, -0.048645198345184326, 10.0)",10,1,393,0.9263557195663452,-1.0141830444335938,0.05469971150159836,0.031982116401195526
city_47_chicago_3p5,"(-0.24644100666046143, -0.048645198345184326, 10.0)",10,2,197,0.9286398887634277,-1.035608172416687,0.04815102368593216,0.032979704439640045
city_47_chicago_3p5,"(-0.24644100666046143, -0.048645198345184326, 10.0)",10,3,0,0.9286398887634277,-1.035608172416687,0.0,0.0
city_47_chicago_3p5,"(-0.24644100666046143, -0.048645198345184326, 10.0)",10,4,0,0.9286398887634277,-1.035608172416687,0.0,0.0
city_47_chicago_3p5,"(-0.24644100666046143, -0.048645198345184326, 10.0)",10,5,0,0.9286398887634277,-1.035608172416687,0.0,0.0
city_47_chicago_3p5,"(-0.24644100666046143, -0.048645198345184326, 10.0)",10,6,0,0.9286398887634277,-1.035608172416687,0.0,0.0
city_47_chicago_3p5,"(-0.24644100666046143, -0.048645198345184326, 10.0)",10,7,0,0.9286398887634277,-1.035608172416687,0.0,0.0
city_47_chicago_3p5,"(-0.24644100666046143, -0.048645198345184326, 10.0)",10,8,0,0.9286398887634277,-1.035608172416687,0.0,0.0
city_47_chicago_3p5,"(-0.24644100666046143, -0.048645198345184326, 10.0)",10,9,0,0.9286398887634277,-1.035608172416687,0.0,0.0
city_47_chicago_3p5,"(-0.24644100666046143, -0.048645198345184326, 10.0)",10,10,0,0.9286398887634277,-1.035608172416687,0.0,0.0
city_47_chicago_3p5,"(-0.24644100666046143, -0.048645198345184326, 10.0)",10,11,0,0.9286398887634277,-1.035608172416687,0.0,0.0
city_47_chicago_3p5,"(-0.24644100666046143, -0.048645198345184326, 10.0)",10,12,0,0.9286398887634277,-1.035608172416687,0.0,0.0
city_47_chicago_3p5,"(-0.24644100666046143, -0.048645198345184326, 10.0)",10,13,0,0.9286398887634277,-1.035608172416687,0.0,0.0
city_47_chicago_3p5,"(-0.24644100666046143, -0.048645198345184326, 10.0)",10,14,0,0.9286398887634277,-1.035608172416687,0.0,0.0
city_47_chicago_3p5,"(-0.24644100666046143, -0.048645198345184326, 10.0)",10,15,0,0.9286398887634277,-1.035608172416687,0.0,0.0
city_47_chicago_3p5,"(-0.24644100666046143, -0.048645198345184326, 10.0)",10,16,0,0.9286398887634277,-1.035608172416687,0.0,0.0
city_47_chicago_3p5,"(-0.24644100666046143, -0.048645198345184326, 10.0)",10,17,0,0.9286398887634277,-1.035608172416687,0.0,0.0
city_47_chicago_3p5,"(-0.24644100666046143, -0.048645198345184326, 10.0)",10,18,0,0.9286398887634277,-1.035608172416687,0.0,0.0
city_47_chicago_3p5,"(-0.24644100666046143, -0.048645198345184326, 10.0)",10,19,0,0.9286398887634277,-1.035608172416687,0.0,0.0
city_47_chicago_3p5,"(-0.24644100666046143, -0.048645198345184326, 10.0)",10,20,0,0.9286398887634277,-1.035608172416687,0.0,0.0
city_47_chicago_3p5,"(-0.24644100666046143, -0.048645198345184326, 10.0)",10,21,0,0.9286398887634277,-1.035608172416687,0.0,0.0
city_47_chicago_3p5,"(-0.24644100666046143, -0.048645198345184326, 10.0)",10,22,0,0.9286398887634277,-1.035608172416687,0.0,0.0
city_47_chicago_3p5,"(-0.24644100666046143, -0.048645198345184326, 10.0)",10,23,0,0.9286398887634277,-1.035608172416687,0.0,0.0
city_47_chicago_3p5,"(-0.24644100666046143, -0.048645198345184326, 10.0)",10,24,0,0.9286398887634277,-1.035608172416687,0.0,0.0
city_47_chicago_3p5,"(-0.24644100666046143, -0.048645198345184326, 10.0)",10,25,0,0.9286398887634277,-1.035608172416687,0.0,0.0
city_47_chicago_3p5,"(-0.24644100666046143, -0.048645198345184326, 10.0)",11,1,677,0.7382051348686218,-0.9940360188484192,0.04577499255537987,0.0319940447807312
city_47_chicago_3p5,"(-0.24644100666046143, -0.048645198345184326, 10.0)",11,2,235,0.7416134476661682,-1.0919159650802612,0.18734748661518097,0.03435865789651871
city_47_chicago_3p5,"(-0.24644100666046143, -0.048645198345184326, 10.0)",11,3,55,0.7034216523170471,-1.1028335094451904,0.15834443271160126,0.02626759745180607
city_47_chicago_3p5,"(-0.24644100666046143, -0.048645198345184326, 10.0)",11,4,15,0.702868640422821,-1.1110774278640747,0.2278163582086563,0.043515827506780624
city_47_chicago_3p5,"(-0.24644100666046143, -0.048645198345184326, 10.0)",11,5,6,0.6530038714408875,-1.1036866903305054,0.0028949647676199675,0.00036702651414088905
city_47_chicago_3p5,"(-0.24644100666046143, -0.048645198345184326, 10.0)",11,6,0,0.6530038714408875,-1.1036866903305054,0.0,0.0
city_47_chicago_3p5,"(-0.24644100666046143, -0.048645198345184326, 10.0)",11,7,0,0.6530038714408875,-1.1036866903305054,0.0,0.0
city_47_chicago_3p5,"(-0.24644100666046143, -0.048645198345184326, 10.0)",11,8,0,0.6530038714408875,-1.1036866903305054,0.0,0.0
city_47_chicago_3p5,"(-0.24644100666046143, -0.048645198345184326, 10.0)",11,9,0,0.6530038714408875,-1.1036866903305054,0.0,0.0
city_47_chicago_3p5,"(-0.24644100666046143, -0.048645198345184326, 10.0)",11,10,0,0.6530038714408875,-1.1036866903305054,0.0,0.0
city_47_chicago_3p5,"(-0.24644100666046143, -0.048645198345184326, 10.0)",11,11,0,0.6530038714408875,-1.1036866903305054,0.0,0.0
city_47_chicago_3p5,"(-0.24644100666046143, -0.048645198345184326, 10.0)",11,12,0,0.6530038714408875,-1.1036866903305054,0.0,0.0
city_47_chicago_3p5,"(-0.24644100666046143, -0.048645198345184326, 10.0)",11,13,0,0.6530038714408875,-1.1036866903305054,0.0,0.0
city_47_chicago_3p5,"(-0.24644100666046143, -0.048645198345184326, 10.0)",11,14,0,0.6530038714408875,-1.1036866903305054,0.0,0.0
city_47_chicago_3p5,"(-0.24644100666046143, -0.048645198345184326, 10.0)",11,15,0,0.6530038714408875,-1.1036866903305054,0.0,0.0
city_47_chicago_3p5,"(-0.24644100666046143, -0.048645198345184326, 10.0)",11,16,0,0.6530038714408875,-1.1036866903305054,0.0,0.0
city_47_chicago_3p5,"(-0.24644100666046143, -0.048645198345184326, 10.0)",11,17,0,0.6530038714408875,-1.1036866903305054,0.0,0.0
city_47_chicago_3p5,"(-0.24644100666046143, -0.048645198345184326, 10.0)",11,18,0,0.6530038714408875,-1.1036866903305054,0.0,0.0
city_47_chicago_3p5,"(-0.24644100666046143, -0.048645198345184326, 10.0)",11,19,0,0.6530038714408875,-1.1036866903305054,0.0,0.0
city_47_chicago_3p5,"(-0.24644100666046143, -0.048645198345184326, 10.0)",11,20,0,0.6530038714408875,-1.1036866903305054,0.0,0.0
city_47_chicago_3p5,"(-0.24644100666046143, -0.048645198345184326, 10.0)",11,21,0,0.6530038714408875,-1.1036866903305054,0.0,0.0
city_47_chicago_3p5,"(-0.24644100666046143, -0.048645198345184326, 10.0)",11,22,0,0.6530038714408875,-1.1036866903305054,0.0,0.0
city_47_chicago_3p5,"(-0.24644100666046143, -0.048645198345184326, 10.0)",11,23,0,0.6530038714408875,-1.1036866903305054,0.0,0.0
city_47_chicago_3p5,"(-0.24644100666046143, -0.048645198345184326, 10.0)",11,24,0,0.6530038714408875,-1.1036866903305054,0.0,0.0
city_47_chicago_3p5,"(-0.24644100666046143, -0.048645198345184326, 10.0)",11,25,0,0.6530038714408875,-1.1036866903305054,0.0,0.0
city_47_chicago_3p5,"(-0.24644100666046143, -0.048645198345184326, 10.0)",12,1,235,1.2740542888641357,-1.146850347518921,0.053667038679122925,0.06469051539897919
city_47_chicago_3p5,"(-0.24644100666046143, -0.048645198345184326, 10.0)",12,2,54,1.2588249444961548,-1.1861380338668823,0.033859655261039734,0.061479683965444565
city_47_chicago_3p5,"(-0.24644100666046143, -0.048645198345184326, 10.0)",12,3,4,1.3054050207138062,-1.2737948894500732,0.0034693400375545025,0.00024943752214312553
city_47_chicago_3p5,"(-0.24644100666046143, -0.048645198345184326, 10.0)",12,4,0,1.3054050207138062,-1.2737948894500732,0.0,0.0
city_47_chicago_3p5,"(-0.24644100666046143, -0.048645198345184326, 10.0)",12,5,0,1.3054050207138062,-1.2737948894500732,0.0,0.0
city_47_chicago_3p5,"(-0.24644100666046143, -0.048645198345184326, 10.0)",12,6,0,1.3054050207138062,-1.2737948894500732,0.0,0.0
city_47_chicago_3p5,"(-0.24644100666046143, -0.048645198345184326, 10.0)",12,7,0,1.3054050207138062,-1.2737948894500732,0.0,0.0
city_47_chicago_3p5,"(-0.24644100666046143, -0.048645198345184326, 10.0)",12,8,0,1.3054050207138062,-1.2737948894500732,0.0,0.0
city_47_chicago_3p5,"(-0.24644100666046143, -0.048645198345184326, 10.0)",12,9,0,1.3054050207138062,-1.2737948894500732,0.0,0.0
city_47_chicago_3p5,"(-0.24644100666046143, -0.048645198345184326, 10.0)",12,10,0,1.3054050207138062,-1.2737948894500732,0.0,0.0
city_47_chicago_3p5,"(-0.24644100666046143, -0.048645198345184326, 10.0)",12,11,0,1.3054050207138062,-1.2737948894500732,0.0,0.0
city_47_chicago_3p5,"(-0.24644100666046143, -0.048645198345184326, 10.0)",12,12,0,1.3054050207138062,-1.2737948894500732,0.0,0.0
city_47_chicago_3p5,"(-0.24644100666046143, -0.048645198345184326, 10.0)",12,13,0,1.3054050207138062,-1.2737948894500732,0.0,0.0
city_47_chicago_3p5,"(-0.24644100666046143, -0.048645198345184326, 10.0)",12,14,0,1.3054050207138062,-1.2737948894500732,0.0,0.0
city_47_chicago_3p5,"(-0.24644100666046143, -0.048645198345184326, 10.0)",12,15,0,1.3054050207138062,-1.2737948894500732,0.0,0.0
city_47_chicago_3p5,"(-0.24644100666046143, -0.048645198345184326, 10.0)",12,16,0,1.3054050207138062,-1.2737948894500732,0.0,0.0
city_47_chicago_3p5,"(-0.24644100666046143, -0.048645198345184326, 10.0)",12,17,0,1.3054050207138062,-1.2737948894500732,0.0,0.0
city_47_chicago_3p5,"(-0.24644100666046143, -0.048645198345184326, 10.0)",12,18,0,1.3054050207138062,-1.2737948894500732,0.0,0.0
city_47_chicago_3p5,"(-0.24644100666046143, -0.048645198345184326, 10.0)",12,19,0,1.3054050207138062,-1.2737948894500732,0.0,0.0
city_47_chicago_3p5,"(-0.24644100666046143, -0.048645198345184326, 10.0)",12,20,0,1.3054050207138062,-1.2737948894500732,0.0,0.0
city_47_chicago_3p5,"(-0.24644100666046143, -0.048645198345184326, 10.0)",12,21,0,1.3054050207138062,-1.2737948894500732,0.0,0.0
city_47_chicago_3p5,"(-0.24644100666046143, -0.048645198345184326, 10.0)",12,22,0,1.3054050207138062,-1.2737948894500732,0.0,0.0
city_47_chicago_3p5,"(-0.24644100666046143, -0.048645198345184326, 10.0)",12,23,0,1.3054050207138062,-1.2737948894500732,0.0,0.0
city_47_chicago_3p5,"(-0.24644100666046143, -0.048645198345184326, 10.0)",12,24,0,1.3054050207138062,-1.2737948894500732,0.0,0.0
city_47_chicago_3p5,"(-0.24644100666046143, -0.048645198345184326, 10.0)",12,25,0,1.3054050207138062,-1.2737948894500732,0.0,0.0
city_47_chicago_3p5,"(-0.24644100666046143, -0.048645198345184326, 10.0)",13,1,193,0.6160513758659363,-1.1925894021987915,0.03422696143388748,0.027616353705525398
city_47_chicago_3p5,"(-0.24644100666046143, -0.048645198345184326, 10.0)",13,2,0,0.6160513758659363,-1.1925894021987915,0.0,0.0
city_47_chicago_3p5,"(-0.24644100666046143, -0.048645198345184326, 10.0)",13,3,0,0.6160513758659363,-1.1925894021987915,0.0,0.0
city_47_chicago_3p5,"(-0.24644100666046143, -0.048645198345184326, 10.0)",13,4,0,0.6160513758659363,-1.1925894021987915,0.0,0.0
city_47_chicago_3p5,"(-0.24644100666046143, -0.048645198345184326, 10.0)",13,5,0,0.6160513758659363,-1.1925894021987915,0.0,0.0
city_47_chicago_3p5,"(-0.24644100666046143, -0.048645198345184326, 10.0)",13,6,0,0.6160513758659363,-1.1925894021987915,0.0,0.0
city_47_chicago_3p5,"(-0.24644100666046143, -0.048645198345184326, 10.0)",13,7,0,0.6160513758659363,-1.1925894021987915,0.0,0.0
city_47_chicago_3p5,"(-0.24644100666046143, -0.048645198345184326, 10.0)",13,8,0,0.6160513758659363,-1.1925894021987915,0.0,0.0
city_47_chicago_3p5,"(-0.24644100666046143, -0.048645198345184326, 10.0)",13,9,0,0.6160513758659363,-1.1925894021987915,0.0,0.0
city_47_chicago_3p5,"(-0.24644100666046143, -0.048645198345184326, 10.0)",13,10,0,0.6160513758659363,-1.1925894021987915,0.0,0.0
city_47_chicago_3p5,"(-0.24644100666046143, -0.048645198345184326, 10.0)",13,11,0,0.6160513758659363,-1.1925894021987915,0.0,0.0
city_47_chicago_3p5,"(-0.24644100666046143, -0.048645198345184326, 10.0)",13,12,0,0.6160513758659363,-1.1925894021987915,0.0,0.0
city_47_chicago_3p5,"(-0.24644100666046143, -0.048645198345184326, 10.0)",13,13,0,0.6160513758659363,-1.1925894021987915,0.0,0.0
city_47_chicago_3p5,"(-0.24644100666046143, -0.048645198345184326, 10.0)",13,14,0,0.6160513758659363,-1.1925894021987915,0.0,0.0
city_47_chicago_3p5,"(-0.24644100666046143, -0.048645198345184326, 10.0)",13,15,0,0.6160513758659363,-1.1925894021987915,0.0,0.0
city_47_chicago_3p5,"(-0.24644100666046143, -0.048645198345184326, 10.0)",13,16,0,0.6160513758659363,-1.1925894021987915,0.0,0.0
city_47_chicago_3p5,"(-0.24644100666046143, -0.048645198345184326, 10.0)",13,17,0,0.6160513758659363,-1.1925894021987915,0.0,0.0
city_47_chicago_3p5,"(-0.24644100666046143, -0.048645198345184326, 10.0)",13,18,0,0.6160513758659363,-1.1925894021987915,0.0,0.0
city_47_chicago_3p5,"(-0.24644100666046143, -0.048645198345184326, 10.0)",13,19,0,0.6160513758659363,-1.1925894021987915,0.0,0.0
city_47_chicago_3p5,"(-0.24644100666046143, -0.048645198345184326, 10.0)",13,20,0,0.6160513758659363,-1.1925894021987915,0.0,0.0
city_47_chicago_3p5,"(-0.24644100666046143, -0.048645198345184326, 10.0)",13,21,0,0.6160513758659363,-1.1925894021987915,0.0,0.0
city_47_chicago_3p5,"(-0.24644100666046143, -0.048645198345184326, 10.0)",13,22,0,0.6160513758659363,-1.1925894021987915,0.0,0.0
city_47_chicago_3p5,"(-0.24644100666046143, -0.048645198345184326, 10.0)",13,23,0,0.6160513758659363,-1.1925894021987915,0.0,0.0
city_47_chicago_3p5,"(-0.24644100666046143, -0.048645198345184326, 10.0)",13,24,0,0.6160513758659363,-1.1925894021987915,0.0,0.0
city_47_chicago_3p5,"(-0.24644100666046143, -0.048645198345184326, 10.0)",13,25,0,0.6160513758659363,-1.1925894021987915,0.0,0.0
city_47_chicago_3p5,"(-0.24644100666046143, -0.048645198345184326, 10.0)",14,1,2135,0.22325976192951202,-0.7988428473472595,0.018527802079916,0.009272865951061249
city_47_chicago_3p5,"(-0.24644100666046143, -0.048645198345184326, 10.0)",14,2,1521,0.3327222466468811,-0.9006823301315308,0.2203322798013687,0.06198158487677574
city_47_chicago_3p5,"(-0.24644100666046143, -0.048645198345184326, 10.0)",14,3,915,0.3644396960735321,-0.9832814931869507,0.20128439366817474,0.07454543560743332
city_47_chicago_3p5,"(-0.24644100666046143, -0.048645198345184326, 10.0)",14,4,551,0.3917883634567261,-1.0380752086639404,0.11761350929737091,0.08212224394083023
city_47_chicago_3p5,"(-0.24644100666046143, -0.048645198345184326, 10.0)",14,5,359,0.44574999809265137,-1.101934790611267,0.1356957107782364,0.07577800005674362
city_47_chicago_3p5,"(-0.24644100666046143, -0.048645198345184326, 10.0)",14,6,179,0.4785589277744293,-1.1229219436645508,0.12743842601776123,0.07020246982574463
city_47_chicago_3p5,"(-0.24644100666046143, -0.048645198345184326, 10.0)",14,7,90,0.5040426850318909,-1.1416213512420654,0.12471334636211395,0.057854168117046356
city_47_chicago_3p5,"(-0.24644100666046143, -0.048645198345184326, 10.0)",14,8,29,0.5773512721061707,-1.1912716627120972,0.018244417384266853,0.0031438155565410852
city_47_chicago_3p5,"(-0.24644100666046143, -0.048645198345184326, 10.0)",14,9,0,0.5773512721061707,-1.1912716627120972,0.0,0.0
city_47_chicago_3p5,"(-0.24644100666046143, -0.048645198345184326, 10.0)",14,10,0,0.5773512721061707,-1.1912716627120972,0.0,0.0
city_47_chicago_3p5,"(-0.24644100666046143, -0.048645198345184326, 10.0)",14,11,0,0.5773512721061707,-1.1912716627120972,0.0,0.0
city_47_chicago_3p5,"(-0.24644100666046143, -0.048645198345184326, 10.0)",14,12,0,0.5773512721061707,-1.1912716627120972,0.0,0.0
city_47_chicago_3p5,"(-0.24644100666046143, -0.048645198345184326, 10.0)",14,13,0,0.5773512721061707,-1.1912716627120972,0.0,0.0
city_47_chicago_3p5,"(-0.24644100666046143, -0.048645198345184326, 10.0)",14,14,0,0.5773512721061707,-1.1912716627120972,0.0,0.0
city_47_chicago_3p5,"(-0.24644100666046143, -0.048645198345184326, 10.0)",14,15,0,0.5773512721061707,-1.1912716627120972,0.0,0.0
city_47_chicago_3p5,"(-0.24644100666046143, -0.048645198345184326, 10.0)",14,16,0,0.5773512721061707,-1.1912716627120972,0.0,0.0
city_47_chicago_3p5,"(-0.24644100666046143, -0.048645198345184326, 10.0)",14,17,0,0.5773512721061707,-1.1912716627120972,0.0,0.0
city_47_chicago_3p5,"(-0.24644100666046143, -0.048645198345184326, 10.0)",14,18,0,0.5773512721061707,-1.1912716627120972,0.0,0.0
city_47_chicago_3p5,"(-0.24644100666046143, -0.048645198345184326, 10.0)",14,19,0,0.5773512721061707,-1.1912716627120972,0.0,0.0
city_47_chicago_3p5,"(-0.24644100666046143, -0.048645198345184326, 10.0)",14,20,0,0.5773512721061707,-1.1912716627120972,0.0,0.0
city_47_chicago_3p5,"(-0.24644100666046143, -0.048645198345184326, 10.0)",14,21,0,0.5773512721061707,-1.1912716627120972,0.0,0.0
city_47_chicago_3p5,"(-0.24644100666046143, -0.048645198345184326, 10.0)",14,22,0,0.5773512721061707,-1.1912716627120972,0.0,0.0
city_47_chicago_3p5,"(-0.24644100666046143, -0.048645198345184326, 10.0)",14,23,0,0.5773512721061707,-1.1912716627120972,0.0,0.0
city_47_chicago_3p5,"(-0.24644100666046143, -0.048645198345184326, 10.0)",14,24,0,0.5773512721061707,-1.1912716627120972,0.0,0.0
city_47_chicago_3p5,"(-0.24644100666046143, -0.048645198345184326, 10.0)",14,25,0,0.5773512721061707,-1.1912716627120972,0.0,0.0
city_47_chicago_3p5,"(-0.24644100666046143, -0.048645198345184326, 10.0)",15,1,2364,0.415988951921463,-0.8587875366210938,0.016719359904527664,0.016171617433428764
city_47_chicago_3p5,"(-0.24644100666046143, -0.048645198345184326, 10.0)",15,2,1237,0.5202590227127075,-0.93413907289505,0.2381623536348343,0.06893493980169296
city_47_chicago_3p5,"(-0.24644100666046143, -0.048645198345184326, 10.0)",15,3,549,0.7473844289779663,-1.019081711769104,0.3059433400630951,0.07678526639938354
city_47_chicago_3p5,"(-0.24644100666046143, -0.048645198345184326, 10.0)",15,4,222,0.6991129517555237,-1.056302547454834,0.2022273987531662,0.051887836307287216
city_47_chicago_3p5,"(-0.24644100666046143, -0.048645198345184326, 10.0)",15,5,79,0.8878111839294434,-1.1143313646316528,0.22059346735477448,0.04436395317316055
city_47_chicago_3p5,"(-0.24644100666046143, -0.048645198345184326, 10.0)",15,6,48,1.0532208681106567,-1.1563724279403687,0.09337005019187927,0.040940284729003906
city_47_chicago_3p5,"(-0.24644100666046143, -0.048645198345184326, 10.0)",15,7,23,1.0687589645385742,-1.1802551746368408,0.006904575973749161,0.006693955045193434
city_47_chicago_3p5,"(-0.24644100666046143, -0.048645198345184326, 10.0)",15,8,18,1.0662438869476318,-1.1921155452728271,0.0047229318879544735,0.0003147014940623194
city_47_chicago_3p5,"(-0.24644100666046143, -0.048645198345184326, 10.0)",15,9,0,1.0662438869476318,-1.1921155452728271,0.0,0.0
city_47_chicago_3p5,"(-0.24644100666046143, -0.048645198345184326, 10.0)",15,10,0,1.0662438869476318,-1.1921155452728271,0.0,0.0
city_47_chicago_3p5,"(-0.24644100666046143, -0.048645198345184326, 10.0)",15,11,0,1.0662438869476318,-1.1921155452728271,0.0,0.0
city_47_chicago_3p5,"(-0.24644100666046143, -0.048645198345184326, 10.0)",15,12,0,1.0662438869476318,-1.1921155452728271,0.0,0.0
city_47_chicago_3p5,"(-0.24644100666046143, -0.048645198345184326, 10.0)",15,13,0,1.0662438869476318,-1.1921155452728271,0.0,0.0
city_47_chicago_3p5,"(-0.24644100666046143, -0.048645198345184326, 10.0)",15,14,0,1.0662438869476318,-1.1921155452728271,0.0,0.0
city_47_chicago_3p5,"(-0.24644100666046143, -0.048645198345184326, 10.0)",15,15,0,1.0662438869476318,-1.1921155452728271,0.0,0.0
city_47_chicago_3p5,"(-0.24644100666046143, -0.048645198345184326, 10.0)",15,16,0,1.0662438869476318,-1.1921155452728271,0.0,0.0
city_47_chicago_3p5,"(-0.24644100666046143, -0.048645198345184326, 10.0)",15,17,0,1.0662438869476318,-1.1921155452728271,0.0,0.0
city_47_chicago_3p5,"(-0.24644100666046143, -0.048645198345184326, 10.0)",15,18,0,1.0662438869476318,-1.1921155452728271,0.0,0.0
city_47_chicago_3p5,"(-0.24644100666046143, -0.048645198345184326, 10.0)",15,19,0,1.0662438869476318,-1.1921155452728271,0.0,0.0
city_47_chicago_3p5,"(-0.24644100666046143, -0.048645198345184326, 10.0)",15,20,0,1.0662438869476318,-1.1921155452728271,0.0,0.0
city_47_chicago_3p5,"(-0.24644100666046143, -0.048645198345184326, 10.0)",15,21,0,1.0662438869476318,-1.1921155452728271,0.0,0.0
city_47_chicago_3p5,"(-0.24644100666046143, -0.048645198345184326, 10.0)",15,22,0,1.0662438869476318,-1.1921155452728271,0.0,0.0
city_47_chicago_3p5,"(-0.24644100666046143, -0.048645198345184326, 10.0)",15,23,0,1.0662438869476318,-1.1921155452728271,0.0,0.0
city_47_chicago_3p5,"(-0.24644100666046143, -0.048645198345184326, 10.0)",15,24,0,1.0662438869476318,-1.1921155452728271,0.0,0.0
city_47_chicago_3p5,"(-0.24644100666046143, -0.048645198345184326, 10.0)",15,25,0,1.0662438869476318,-1.1921155452728271,0.0,0.0
city_47_chicago_3p5,"(-0.24644100666046143, -0.048645198345184326, 10.0)",16,1,1173,0.267678439617157,-0.88145911693573,0.025959471240639687,0.010407159104943275
city_47_chicago_3p5,"(-0.24644100666046143, -0.048645198345184326, 10.0)",16,2,970,0.33557090163230896,-0.9857856631278992,0.0687185674905777,0.03959444537758827
city_47_chicago_3p5,"(-0.24644100666046143, -0.048645198345184326, 10.0)",16,3,822,0.3653830885887146,-1.0514655113220215,0.1139211356639862,0.04978880286216736
city_47_chicago_3p5,"(-0.24644100666046143, -0.048645198345184326, 10.0)",16,4,736,0.448024183511734,-1.1103508472442627,0.10037285089492798,0.058716677129268646
city_47_chicago_3p5,"(-0.24644100666046143, -0.048645198345184326, 10.0)",16,5,496,0.5074597597122192,-1.1470760107040405,0.038386017084121704,0.039813097566366196
city_47_chicago_3p5,"(-0.24644100666046143, -0.048645198345184326, 10.0)",16,6,260,0.5134390592575073,-1.17258620262146,0.03226831927895546,0.024841496720910072
city_47_chicago_3p5,"(-0.24644100666046143, -0.048645198345184326, 10.0)",16,7,80,0.5272566676139832,-1.1838905811309814,0.0253613218665123,0.01571991853415966
city_47_chicago_3p5,"(-0.24644100666046143, -0.048645198345184326, 10.0)",16,8,8,0.5179325342178345,-1.1845836639404297,0.002544023795053363,0.0007010502158664167
city_47_chicago_3p5,"(-0.24644100666046143, -0.048645198345184326, 10.0)",16,9,0,0.5179325342178345,-1.1845836639404297,0.0,0.0
city_47_chicago_3p5,"(-0.24644100666046143, -0.048645198345184326, 10.0)",16,10,0,0.5179325342178345,-1.1845836639404297,0.0,0.0
city_47_chicago_3p5,"(-0.24644100666046143, -0.048645198345184326, 10.0)",16,11,0,0.5179325342178345,-1.1845836639404297,0.0,0.0
city_47_chicago_3p5,"(-0.24644100666046143, -0.048645198345184326, 10.0)",16,12,0,0.5179325342178345,-1.1845836639404297,0.0,0.0
city_47_chicago_3p5,"(-0.24644100666046143, -0.048645198345184326, 10.0)",16,13,0,0.5179325342178345,-1.1845836639404297,0.0,0.0
city_47_chicago_3p5,"(-0.24644100666046143, -0.048645198345184326, 10.0)",16,14,0,0.5179325342178345,-1.1845836639404297,0.0,0.0
city_47_chicago_3p5,"(-0.24644100666046143, -0.048645198345184326, 10.0)",16,15,0,0.5179325342178345,-1.1845836639404297,0.0,0.0
city_47_chicago_3p5,"(-0.24644100666046143, -0.048645198345184326, 10.0)",16,16,0,0.5179325342178345,-1.1845836639404297,0.0,0.0
city_47_chicago_3p5,"(-0.24644100666046143, -0.048645198345184326, 10.0)",16,17,0,0.5179325342178345,-1.1845836639404297,0.0,0.0
city_47_chicago_3p5,"(-0.24644100666046143, -0.048645198345184326, 10.0)",16,18,0,0.5179325342178345,-1.1845836639404297,0.0,0.0
city_47_chicago_3p5,"(-0.24644100666046143, -0.048645198345184326, 10.0)",16,19,0,0.5179325342178345,-1.1845836639404297,0.0,0.0
city_47_chicago_3p5,"(-0.24644100666046143, -0.048645198345184326, 10.0)",16,20,0,0.5179325342178345,-1.1845836639404297,0.0,0.0
city_47_chicago_3p5,"(-0.24644100666046143, -0.048645198345184326, 10.0)",16,21,0,0.5179325342178345,-1.1845836639404297,0.0,0.0
city_47_chicago_3p5,"(-0.24644100666046143, -0.048645198345184326, 10.0)",16,22,0,0.5179325342178345,-1.1845836639404297,0.0,0.0
city_47_chicago_3p5,"(-0.24644100666046143, -0.048645198345184326, 10.0)",16,23,0,0.5179325342178345,-1.1845836639404297,0.0,0.0
city_47_chicago_3p5,"(-0.24644100666046143, -0.048645198345184326, 10.0)",16,24,0,0.5179325342178345,-1.1845836639404297,0.0,0.0
city_47_chicago_3p5,"(-0.24644100666046143, -0.048645198345184326, 10.0)",16,25,0,0.5179325342178345,-1.1845836639404297,0.0,0.0
city_47_chicago_3p5,"(-0.24644100666046143, -0.048645198345184326, 10.0)",17,1,260,0.38810983300209045,-0.9966012835502625,0.03864965960383415,0.02089543826878071
city_47_chicago_3p5,"(-0.24644100666046143, -0.048645198345184326, 10.0)",17,2,257,0.45477378368377686,-1.0898666381835938,0.06034621223807335,0.039550844579935074
city_47_chicago_3p5,"(-0.24644100666046143, -0.048645198345184326, 10.0)",17,3,234,0.5484474301338196,-1.1744893789291382,0.06173689663410187,0.03906523436307907
city_47_chicago_3p5,"(-0.24644100666046143, -0.048645198345184326, 10.0)",17,4,70,0.5668520927429199,-1.1838895082473755,0.04331605136394501,0.02619919739663601
city_47_chicago_3p5,"(-0.24644100666046143, -0.048645198345184326, 10.0)",17,5,12,0.5556396245956421,-1.1676267385482788,0.04067458584904671,0.020615138113498688
city_47_chicago_3p5,"(-0.24644100666046143, -0.048645198345184326, 10.0)",17,6,4,0.5130579471588135,-1.1847350597381592,0.0012149285757914186,0.0005439668311737478
city_47_chicago_3p5,"(-0.24644100666046143, -0.048645198345184326, 10.0)",17,7,0,0.5130579471588135,-1.1847350597381592,0.0,0.0
city_47_chicago_3p5,"(-0.24644100666046143, -0.048645198345184326, 10.0)",17,8,0,0.5130579471588135,-1.1847350597381592,0.0,0.0
city_47_chicago_3p5,"(-0.24644100666046143, -0.048645198345184326, 10.0)",17,9,0,0.5130579471588135,-1.1847350597381592,0.0,0.0
city_47_chicago_3p5,"(-0.24644100666046143, -0.048645198345184326, 10.0)",17,10,0,0.5130579471588135,-1.1847350597381592,0.0,0.0
city_47_chicago_3p5,"(-0.24644100666046143, -0.048645198345184326, 10.0)",17,11,0,0.5130579471588135,-1.1847350597381592,0.0,0.0
city_47_chicago_3p5,"(-0.24644100666046143, -0.048645198345184326, 10.0)",17,12,0,0.5130579471588135,-1.1847350597381592,0.0,0.0
city_47_chicago_3p5,"(-0.24644100666046143, -0.048645198345184326, 10.0)",17,13,0,0.5130579471588135,-1.1847350597381592,0.0,0.0
city_47_chicago_3p5,"(-0.24644100666046143, -0.048645198345184326, 10.0)",17,14,0,0.5130579471588135,-1.1847350597381592,0.0,0.0
city_47_chicago_3p5,"(-0.24644100666046143, -0.048645198345184326, 10.0)",17,15,0,0.5130579471588135,-1.1847350597381592,0.0,0.0
city_47_chicago_3p5,"(-0.24644100666046143, -0.048645198345184326, 10.0)",17,16,0,0.5130579471588135,-1.1847350597381592,0.0,0.0
city_47_chicago_3p5,"(-0.24644100666046143, -0.048645198345184326, 10.0)",17,17,0,0.5130579471588135,-1.1847350597381592,0.0,0.0
city_47_chicago_3p5,"(-0.24644100666046143, -0.048645198345184326, 10.0)",17,18,0,0.5130579471588135,-1.1847350597381592,0.0,0.0
city_47_chicago_3p5,"(-0.24644100666046143, -0.048645198345184326, 10.0)",17,19,0,0.5130579471588135,-1.1847350597381592,0.0,0.0
city_47_chicago_3p5,"(-0.24644100666046143, -0.048645198345184326, 10.0)",17,20,0,0.5130579471588135,-1.1847350597381592,0.0,0.0
city_47_chicago_3p5,"(-0.24644100666046143, -0.048645198345184326, 10.0)",17,21,0,0.5130579471588135,-1.1847350597381592,0.0,0.0
city_47_chicago_3p5,"(-0.24644100666046143, -0.048645198345184326, 10.0)",17,22,0,0.5130579471588135,-1.1847350597381592,0.0,0.0
city_47_chicago_3p5,"(-0.24644100666046143, -0.048645198345184326, 10.0)",17,23,0,0.5130579471588135,-1.1847350597381592,0.0,0.0
city_47_chicago_3p5,"(-0.24644100666046143, -0.048645198345184326, 10.0)",17,24,0,0.5130579471588135,-1.1847350597381592,0.0,0.0
city_47_chicago_3p5,"(-0.24644100666046143, -0.048645198345184326, 10.0)",17,25,0,0.5130579471588135,-1.1847350597381592,0.0,0.0
city_47_chicago_3p5,"(-0.24644100666046143, -0.048645198345184326, 10.0)",18,1,1097,0.3596097230911255,-0.8947511315345764,0.02665691263973713,0.009619318880140781
city_47_chicago_3p5,"(-0.24644100666046143, -0.048645198345184326, 10.0)",18,2,582,0.3608003258705139,-0.9529474377632141,0.02644132822751999,0.02674254961311817
city_47_chicago_3p5,"(-0.24644100666046143, -0.048645198345184326, 10.0)",18,3,178,0.4356333613395691,-1.0573045015335083,0.09959221631288528,0.07262694090604782
city_47_chicago_3p5,"(-0.24644100666046143, -0.048645198345184326, 10.0)",18,4,93,0.4912339448928833,-1.1227850914001465,0.08148804306983948,0.0586838461458683
city_47_chicago_3p5,"(-0.24644100666046143, -0.048645198345184326, 10.0)",18,5,30,0.5449971556663513,-1.1832977533340454,0.015574660152196884,0.02609768696129322
city_47_chicago_3p5,"(-0.24644100666046143, -0.048645198345184326, 10.0)",18,6,2,0.5519344806671143,-1.199699878692627,0.00021448731422424316,6.0021906392648816e-05
city_47_chicago_3p5,"(-0.24644100666046143, -0.048645198345184326, 10.0)",18,7,0,0.5519344806671143,-1.199699878692627,0.0,0.0
city_47_chicago_3p5,"(-0.24644100666046143, -0.048645198345184326, 10.0)",18,8,0,0.5519344806671143,-1.199699878692627,0.0,0.0
city_47_chicago_3p5,"(-0.24644100666046143, -0.048645198345184326, 10.0)",18,9,0,0.5519344806671143,-1.199699878692627,0.0,0.0
city_47_chicago_3p5,"(-0.24644100666046143, -0.048645198345184326, 10.0)",18,10,0,0.5519344806671143,-1.199699878692627,0.0,0.0
city_47_chicago_3p5,"(-0.24644100666046143, -0.048645198345184326, 10.0)",18,11,0,0.5519344806671143,-1.199699878692627,0.0,0.0
city_47_chicago_3p5,"(-0.24644100666046143, -0.048645198345184326, 10.0)",18,12,0,0.5519344806671143,-1.199699878692627,0.0,0.0
city_47_chicago_3p5,"(-0.24644100666046143, -0.048645198345184326, 10.0)",18,13,0,0.5519344806671143,-1.199699878692627,0.0,0.0
city_47_chicago_3p5,"(-0.24644100666046143, -0.048645198345184326, 10.0)",18,14,0,0.5519344806671143,-1.199699878692627,0.0,0.0
city_47_chicago_3p5,"(-0.24644100666046143, -0.048645198345184326, 10.0)",18,15,0,0.5519344806671143,-1.199699878692627,0.0,0.0
city_47_chicago_3p5,"(-0.24644100666046143, -0.048645198345184326, 10.0)",18,16,0,0.5519344806671143,-1.199699878692627,0.0,0.0
city_47_chicago_3p5,"(-0.24644100666046143, -0.048645198345184326, 10.0)",18,17,0,0.5519344806671143,-1.199699878692627,0.0,0.0
city_47_chicago_3p5,"(-0.24644100666046143, -0.048645198345184326, 10.0)",18,18,0,0.5519344806671143,-1.199699878692627,0.0,0.0
city_47_chicago_3p5,"(-0.24644100666046143, -0.048645198345184326, 10.0)",18,19,0,0.5519344806671143,-1.199699878692627,0.0,0.0
city_47_chicago_3p5,"(-0.24644100666046143, -0.048645198345184326, 10.0)",18,20,0,0.5519344806671143,-1.199699878692627,0.0,0.0
city_47_chicago_3p5,"(-0.24644100666046143, -0.048645198345184326, 10.0)",18,21,0,0.5519344806671143,-1.199699878692627,0.0,0.0
city_47_chicago_3p5,"(-0.24644100666046143, -0.048645198345184326, 10.0)",18,22,0,0.5519344806671143,-1.199699878692627,0.0,0.0
city_47_chicago_3p5,"(-0.24644100666046143, -0.048645198345184326, 10.0)",18,23,0,0.5519344806671143,-1.199699878692627,0.0,0.0
city_47_chicago_3p5,"(-0.24644100666046143, -0.048645198345184326, 10.0)",18,24,0,0.5519344806671143,-1.199699878692627,0.0,0.0
city_47_chicago_3p5,"(-0.24644100666046143, -0.048645198345184326, 10.0)",18,25,0,0.5519344806671143,-1.199699878692627,0.0,0.0
city_47_chicago_3p5,"(-0.24644100666046143, -0.048645198345184326, 10.0)",19,1,828,0.05349341779947281,-0.6713782548904419,0.01335667073726654,0.02312052808701992
city_47_chicago_3p5,"(-0.24644100666046143, -0.048645198345184326, 10.0)",19,2,712,0.23482123017311096,-0.8473550081253052,0.2607370913028717,0.07915088534355164
city_47_chicago_3p5,"(-0.24644100666046143, -0.048645198345184326, 10.0)",19,3,521,0.38667428493499756,-0.9201983213424683,0.2566209137439728,0.0848933681845665
city_47_chicago_3p5,"(-0.24644100666046143, -0.048645198345184326, 10.0)",19,4,340,0.4667893052101135,-0.9813864231109619,0.22897233068943024,0.06985237449407578
city_47_chicago_3p5,"(-0.24644100666046143, -0.048645198345184326, 10.0)",19,5,141,0.5012613534927368,-1.0196491479873657,0.14463607966899872,0.045868344604969025
city_47_chicago_3p5,"(-0.24644100666046143, -0.048645198345184326, 10.0)",19,6,31,0.49741387367248535,-1.03178870677948,0.10882933437824249,0.02399034984409809
city_47_chicago_3p5,"(-0.24644100666046143, -0.048645198345184326, 10.0)",19,7,2,0.5776180028915405,-1.0422000885009766,0.0005769729614257812,5.0008333346340805e-05
city_47_chicago_3p5,"(-0.24644100666046143, -0.048645198345184326, 10.0)",19,8,0,0.5776180028915405,-1.0422000885009766,0.0,0.0
city_47_chicago_3p5,"(-0.24644100666046143, -0.048645198345184326, 10.0)",19,9,0,0.5776180028915405,-1.0422000885009766,0.0,0.0
city_47_chicago_3p5,"(-0.24644100666046143, -0.048645198345184326, 10.0)",19,10,0,0.5776180028915405,-1.0422000885009766,0.0,0.0
city_47_chicago_3p5,"(-0.24644100666046143, -0.048645198345184326, 10.0)",19,11,0,0.5776180028915405,-1.0422000885009766,0.0,0.0
city_47_chicago_3p5,"(-0.24644100666046143, -0.048645198345184326, 10.0)",19,12,0,0.5776180028915405,-1.0422000885009766,0.0,0.0
city_47_chicago_3p5,"(-0.24644100666046143, -0.048645198345184326, 10.0)",19,13,0,0.5776180028915405,-1.0422000885009766,0.0,0.0
city_47_chicago_3p5,"(-0.24644100666046143, -0.048645198345184326, 10.0)",19,14,0,0.5776180028915405,-1.0422000885009766,0.0,0.0
city_47_chicago_3p5,"(-0.24644100666046143, -0.048645198345184326, 10.0)",19,15,0,0.5776180028915405,-1.0422000885009766,0.0,0.0
city_47_chicago_3p5,"(-0.24644100666046143, -0.048645198345184326, 10.0)",19,16,0,0.5776180028915405,-1.0422000885009766,0.0,0.0
city_47_chicago_3p5,"(-0.24644100666046143, -0.048645198345184326, 10.0)",19,17,0,0.5776180028915405,-1.0422000885009766,0.0,0.0
city_47_chicago_3p5,"(-0.24644100666046143, -0.048645198345184326, 10.0)",19,18,0,0.5776180028915405,-1.0422000885009766,0.0,0.0
city_47_chicago_3p5,"(-0.24644100666046143, -0.048645198345184326, 10.0)",19,19,0,0.5776180028915405,-1.0422000885009766,0.0,0.0
city_47_chicago_3p5,"(-0.24644100666046143, -0.048645198345184326, 10.0)",19,20,0,0.5776180028915405,-1.0422000885009766,0.0,0.0
city_47_chicago_3p5,"(-0.24644100666046143, -0.048645198345184326, 10.0)",19,21,0,0.5776180028915405,-1.0422000885009766,0.0,0.0
city_47_chicago_3p5,"(-0.24644100666046143, -0.048645198345184326, 10.0)",19,22,0,0.5776180028915405,-1.0422000885009766,0.0,0.0
city_47_chicago_3p5,"(-0.24644100666046143, -0.048645198345184326, 10.0)",19,23,0,0.5776180028915405,-1.0422000885009766,0.0,0.0
city_47_chicago_3p5,"(-0.24644100666046143, -0.048645198345184326, 10.0)",19,24,0,0.5776180028915405,-1.0422000885009766,0.0,0.0
city_47_chicago_3p5,"(-0.24644100666046143, -0.048645198345184326, 10.0)",19,25,0,0.5776180028915405,-1.0422000885009766,0.0,0.0
